promiseTitle,party
รัฐธรรมนูญใหม่ทั้งฉบับ,อนาคตใหม่/ก้าวไกล
แก้รัฐธรรมนูญ รื้อกลไกสืบทอดอำนาจ,อนาคตใหม่/ก้าวไกล
ประชามติ จัดทำรัฐธรรมนูญฉบับใหม่,อนาคตใหม่/ก้าวไกล
เลือกตั้งท้องถิ่นล่วงหน้า-นอกเขต-นอกราชอาณาจักรได้,อนาคตใหม่/ก้าวไกล
เลือกตั้งตามเขตที่อาศัยอยู่จริงได้,อนาคตใหม่/ก้าวไกล
เอาทหารออกจากการเมือง,อนาคตใหม่/ก้าวไกล
กองทัพอยู่ใต้รัฐบาลพลเรือน ยกเลิกสภากลาโหม,อนาคตใหม่/ก้าวไกล
ตั้งผู้ตรวจการกองทัพ ประชาชนตรวจสอบกองทัพได้,อนาคตใหม่/ก้าวไกล
ยกเลิกศาลทหาร,อนาคตใหม่/ก้าวไกล
ลดขนาดกองทัพ 30-40%,อนาคตใหม่/ก้าวไกล
ลดจำนวนนายพล ตัดสิทธิพิเศษที่ไม่เป็นธรรม,อนาคตใหม่/ก้าวไกล
ยกเลิกบังคับเกณฑ์ทหาร,อนาคตใหม่/ก้าวไกล
ปฏิรูปการศึกษาทหาร,อนาคตใหม่/ก้าวไกล
นำเข้ายุทโธปกรณ์ ต้องจ้างงาน-โอนถ่ายเทคโนโลยี (Defence Offset),อนาคตใหม่/ก้าวไกล
คืนที่ดินกองทัพให้ประชาชน,อนาคตใหม่/ก้าวไกล
คืนธุรกิจกองทัพให้รัฐบาล,อนาคตใหม่/ก้าวไกล
เพิ่มสวัสดิการทหารชั้นผู้น้อย ปลอดภัย-มั่นคง-มีอนาคต,อนาคตใหม่/ก้าวไกล
ยุบ กอ.รมน.,อนาคตใหม่/ก้าวไกล
ยกเลิกการประกาศกฎอัยการศึกในชายแดนใต้,อนาคตใหม่/ก้าวไกล
แก้ไขกฎหมายความมั่นคงพิเศษ,อนาคตใหม่/ก้าวไกล
แก้ไขมาตรา 112,อนาคตใหม่/ก้าวไกล
แก้ไขกฏหมายที่เป็นอุปสรรคต่อเสรีภาพในการแสดงออก (มาตรา 116 / พ.ร.บ. คอมฯ),อนาคตใหม่/ก้าวไกล
ออกกฎหมายต่อต้านการฟ้องปิดปาก (SLAPP),อนาคตใหม่/ก้าวไกล
คุ้มครองสิทธิในการชุมนุม (แก้ พ.ร.บ. ชุมนุม),อนาคตใหม่/ก้าวไกล
คุ้มครองสิทธิในกระบวนการยุติธรรม,อนาคตใหม่/ก้าวไกล
ยุบศูนย์ต่อต้านข่าวปลอมของรัฐ,อนาคตใหม่/ก้าวไกล
โทษปรับ ขยับขึ้น-ลงตามฐานรายได้,อนาคตใหม่/ก้าวไกล
ปฏิรูปเรือนจำ เน้นการฟื้นฟู-ลดทำผิดซ้ำ,อนาคตใหม่/ก้าวไกล
ศาลโปร่งใส ตรวจสอบได้ เป็นของประชาชน,อนาคตใหม่/ก้าวไกล
ลงนาม ICC ศาลอาญาระหว่างประเทศ,อนาคตใหม่/ก้าวไกล
นิรโทษกรรมคดีการเมือง,อนาคตใหม่/ก้าวไกล
มีตำรวจหญิงทุกสถานี,อนาคตใหม่/ก้าวไกล
ปรับปรุงกฎหมายต่อต้านความรุนแรงทางเพศ,อนาคตใหม่/ก้าวไกล
รณรงค์ความรู้เรื่องเพศให้สังคม เริ่มต้นจากหน่วยงานรัฐ,อนาคตใหม่/ก้าวไกล
ผ้าอนามัยไม่เก็บ VAT แจกฟรีในโรงเรียน,อนาคตใหม่/ก้าวไกล
สมรสเท่าเทียม คู่รักทุกเพศแต่งงานกันได้,อนาคตใหม่/ก้าวไกล
รับรองทุกเพศสภาพ คำนำหน้าตามสมัครใจ,อนาคตใหม่/ก้าวไกล
พระเลือกตั้งได้,อนาคตใหม่/ก้าวไกล
ขายเหล้าได้ตลอดวัน ยกเลิกการห้ามขายเหล้า-ฆ่าสัตว์ในวันพระ,อนาคตใหม่/ก้าวไกล
"รัฐต้องจ้างงานคนพิการ 20,000 คน",อนาคตใหม่/ก้าวไกล
อาคาร-สิ่งก่อสร้างยึดหลักการออกแบบเพื่อทุกคน,อนาคตใหม่/ก้าวไกล
"เงินคนพิการเดือนละ 3,000 บาท",อนาคตใหม่/ก้าวไกล
"ของขวัญแรกเกิด 3,000 บาท ซื้อของเลี้ยงลูก",อนาคตใหม่/ก้าวไกล
"เงินเด็กเล็ก เดือนละ 1,200 บาท",อนาคตใหม่/ก้าวไกล
สิทธิลาคลอด 180 วัน พ่อแม่แบ่งกันได้,อนาคตใหม่/ก้าวไกล
เลือกตั้งผู้ว่าฯ ทุกจังหวัด,อนาคตใหม่/ก้าวไกล
ประชามติยกเลิกราชการส่วนภูมิภาค ไม่มีใครตกงาน-เสียประโยชน์,อนาคตใหม่/ก้าวไกล
ข้าราชการทุกสังกัด ศักดิ์และสิทธิเท่ากัน โยกย้ายก้าวหน้าได้,อนาคตใหม่/ก้าวไกล
เลือกตั้งนายกเขต ทุกเขตใน กทม.,อนาคตใหม่/ก้าวไกล
เพิ่มงบท้องถิ่น (จังหวัดละ +250 ล้านบาท/ปี | เมืองละ +100 ล้านบาท/ปี | ตำบลละ 20 ล้านบาท/ปี),อนาคตใหม่/ก้าวไกล
ท้องถิ่นมีช่องทางหารายได้ใหม่ กู้เงิน-ออกพันธบัตร,อนาคตใหม่/ก้าวไกล
ปรับสูตรกระจายงบให้เป็นธรรม ลดความเหลื่อมล้ำระหว่างพื้นที่,อนาคตใหม่/ก้าวไกล
ท้องถิ่นจัดทำบริการสาธารณะได้ทั้งหมด ยกเว้น ทหาร-ศาล-เงินตรา-การต่างประเทศ,อนาคตใหม่/ก้าวไกล
ถ่ายโอนอำนาจให้ท้องถิ่น (ถนน-คูคลอง-แหล่งน้ำ-ขนส่ง-สิ่งแวดล้อม-พิสูจน์ที่ดิน-โรงงาน-โรงแรม-สถานบริการ),อนาคตใหม่/ก้าวไกล
ยกเลิกกฎระเบียบและคำสั่ง คสช. ที่ล็อกคอ-ล้วงลูกท้องถิ่น,อนาคตใหม่/ก้าวไกล
ท้องถิ่นโปร่งใส เปิดเผยข้อมูลงบทุกบาท-จัดซื้อจัดจ้างทุกขั้นตอน,อนาคตใหม่/ก้าวไกล
ประชุมสภาพลเมือง ทุกคนมีส่วนร่วม ทุกท้องถิ่น ทุกไตรมาส,อนาคตใหม่/ก้าวไกล
ประชาชนเข้าชื่อออนไลน์ เสนอโครงการ-ข้อบัญญัติ ถอดถอนท้องถิ่นได้,อนาคตใหม่/ก้าวไกล
ศูนย์เลี้ยงเด็กอ่อน-เด็กก่อนวัยเรียนใกล้บ้าน ห้องปั๊มนมในที่ทำงาน,อนาคตใหม่/ก้าวไกล
ปรับขึ้นค่าแรงขั้นต่ำทุกปี เริ่มทันทีวันละ 450 บาท,อนาคตใหม่/ก้าวไกล
ทำงานไม่เกิน 40 ชั่วโมง/สัปดาห์ หากเกิน ต้องได้ OT,อนาคตใหม่/ก้าวไกล
สัญญาจ้างเป็นธรรม แรงงานรัฐได้รับการคุ้มครอง,อนาคตใหม่/ก้าวไกล
แรงงานทุกกลุ่มตั้งสหภาพได้ สอดคล้องหลัก ILO 87 และ 98,อนาคตใหม่/ก้าวไกล
ประกันสังคมถ้วนหน้า เจ็บป่วยได้เงินชดเชย-ค่าเดินทางหาหมอ,อนาคตใหม่/ก้าวไกล
"เงินผู้สูงวัยเดือนละ 3,000 บาท",อนาคตใหม่/ก้าวไกล
เจ็บ-ป่วยติดเตียง มีระบบดูแล,อนาคตใหม่/ก้าวไกล
"บ้านตั้งตัว 350,000 หลัง รัฐช่วยผ่อน-เช่า",อนาคตใหม่/ก้าวไกล
น้ำประปาดื่มได้ทุกพื้นที่,อนาคตใหม่/ก้าวไกล
เติมเน็ตฟรี 1 GB ต่อเดือน,อนาคตใหม่/ก้าวไกล
"ค่าทำศพถ้วนหน้า 10,000 บาท",อนาคตใหม่/ก้าวไกล
เรียนฟรี อาหารฟรี มีรถรับส่ง,อนาคตใหม่/ก้าวไกล
"คูปองเปิดโลกเรียนรู้นอกห้องเรียน สูงสุด 2,000 บาทต่อปี",อนาคตใหม่/ก้าวไกล
แพลตฟอร์มเรียนรู้ตลอดชีวิต เรียนฟรีไม่จำกัด มีระบบจัดหางาน,อนาคตใหม่/ก้าวไกล
"คูปองเรียนเสริมทักษะ-เปลี่ยนอาชีพ 5,000 บาท/ปี",อนาคตใหม่/ก้าวไกล
รถเมล์และรถไฟฟ้า 8-45 บาทตลอดสาย ใช้บัตรใบเดียว ครอบคลุมทั้ง กทม.,อนาคตใหม่/ก้าวไกล
รถเมล์ไฟฟ้าทุกจังหวัด - เติมเงินให้ท้องถิ่น เพิ่มขนส่งสาธารณะ,อนาคตใหม่/ก้าวไกล
เปิดตลาดซื้อ-ขายไฟฟ้าเสรี รัฐดูแลระบบสายส่ง,อนาคตใหม่/ก้าวไกล
“ค่าไฟแฟร์” ถูกและเป็นธรรมสำหรับประชาชน,อนาคตใหม่/ก้าวไกล
“หลังคาสร้างรายได้” เปิดเสรีโซลาร์เซลล์ ประกันราคาซื้อพลังงานสะอาดสำหรับครัวเรือน,อนาคตใหม่/ก้าวไกล
รถเมล์ไฟฟ้าทุกคันภายใน 7 ปี,อนาคตใหม่/ก้าวไกล
เปลี่ยนปัญหาเป็นอาชีพ สร้างงาน ซ่อมประเทศ,อนาคตใหม่/ก้าวไกล
สร้างความมั่นคงทางพลังงานภายในประเทศ,อนาคตใหม่/ก้าวไกล
เพิ่มรายได้รัฐจากโรงแยกก๊าซ,อนาคตใหม่/ก้าวไกล
ลดความแปรปรวนของราคาน้ำมัน,อนาคตใหม่/ก้าวไกล
หนี้สินธนาคารรัฐ จ่ายดี ลดดอกเบี้ย,อนาคตใหม่/ก้าวไกล
ดอกเบี้ยเงินกู้เป็นธรรม ผ่านการวิเคราะห์ข้อมูลการชำระเงิน,อนาคตใหม่/ก้าวไกล
ประกาศสงครามหนี้นอกระบบ ตั้งงบปรับโครงสร้างหนี้ 1 หมื่นล้านบาท,อนาคตใหม่/ก้าวไกล
หนี้ราชการไม่ท่วมหัว หักไม่เกิน 70% ของเงินเดือน,อนาคตใหม่/ก้าวไกล
ลดรายจ่าย SME: บรรเทาผลกระทบจากการขึ้นค่าแรงขั้นต่ำ,อนาคตใหม่/ก้าวไกล
ลดรายจ่าย SME: ลดภาษีนิติบุคคล SME ให้เหลือ 0-15%,อนาคตใหม่/ก้าวไกล
ลดรายจ่าย SME: หักค่าใช้จ่ายเหมาภาษี เพิ่มจาก 60% เป็น 90%,อนาคตใหม่/ก้าวไกล
เพิ่มแต้มต่อให้ SME: หวยใบเสร็จ ซื้อของร้านค้ารายย่อย ทั้งคนซื้อคนขายได้หวย ลุ้นรวยเงินล้าน,อนาคตใหม่/ก้าวไกล
เพิ่มแต้มต่อให้ SME: ลดหย่อนภาษีให้ธุรกิจที่ซื้อจาก SME,อนาคตใหม่/ก้าวไกล
เติมตลาดให้ SME: โควตาชั้นวางสำหรับสินค้า SME ในห้างใหญ่,อนาคตใหม่/ก้าวไกล
เติมตลาดให้ SME: คูปองแลกซื้อสินค้าท้องถิ่น,อนาคตใหม่/ก้าวไกล
เติมทุนให้ SME: ทุนแสนตั้งตัว 2 แสนราย/ปี & ทุนล้านตั้งตัว 2.5 หมื่นราย/ปี ไม่ต้องวางหลักประกัน,อนาคตใหม่/ก้าวไกล
รวมกลุ่ม SME: จัดตั้งสภา SMEs ทุกจังหวัด,อนาคตใหม่/ก้าวไกล
ปรับปรุงกฎหมายแข่งขันทางการค้า ทลายทุนผูกขาด,อนาคตใหม่/ก้าวไกล
เพิ่มการแข่งขันในธุรกิจการเงิน เพิ่มจำนวนใบอนุญาต Virtual Bank อย่างน้อย 3 เท่า,อนาคตใหม่/ก้าวไกล
ส่งเสริมและยกระดับการท่องเที่ยวเชิงสุขภาพ (Health & Wellness Tourism),อนาคตใหม่/ก้าวไกล
ส่งเสริมและยกระดับการท่องเที่ยวสีเขียว (Green Tourism),อนาคตใหม่/ก้าวไกล
ส่งเสริมและยกระดับการท่องเที่ยว-ทำงาน (Workation),อนาคตใหม่/ก้าวไกล
ปลดล็อกผู้ประกอบการรายย่อยด้านการท่องเที่ยว,อนาคตใหม่/ก้าวไกล
1 เมือง 1 พิพิธภัณฑ์,อนาคตใหม่/ก้าวไกล
ส่งเสริมเทศกาลดึงดูดนักท่องเที่ยวตลอดปี,อนาคตใหม่/ก้าวไกล
คุ้มครองเสรีภาพทางศิลปะ ยกเลิกการเซนเซอร์,อนาคตใหม่/ก้าวไกล
เพิ่มความหลากหลายทางศิลปะ รัฐไม่แทรกแซง-ไม่ทำตัวเป็นตำรวจศีลธรรม-ไม่แช่แข็งวัฒนธรรม,อนาคตใหม่/ก้าวไกล
เปลี่ยนกระทรวงวัฒนธรรม เป็นกระทรวงเศรษฐกิจและวัฒนธรรมสร้างสรรค์,อนาคตใหม่/ก้าวไกล
เพิ่มงบสนับสนุนเศรษฐกิจสร้างสรรค์ 10 เท่า,อนาคตใหม่/ก้าวไกล
“ส่งออกได้ รัฐให้ bonus” รัฐส่งเสริมงานสร้างสรรค์ที่เจาะตลาดเวทีโลกได้,อนาคตใหม่/ก้าวไกล
รื้อกฎระเบียบ-ใบอนุญาต ถ่ายทำหนังในไทยได้สะดวก ตั้งเงื่อนไขส่งเสริมคนไทย,อนาคตใหม่/ก้าวไกล
เพิ่มพื้นที่ผลิตและแสดงงานสร้างสรรค์ (เช่น co-studio แกลเลอรี่),อนาคตใหม่/ก้าวไกล
กองทุนภาพยนตร์ เพื่อสนับสนุนผู้ผลิตหนังหน้าใหม่,อนาคตใหม่/ก้าวไกล
กำหนดสัดส่วนเวลาฉายขั้นต่ำสำหรับภาพยนตร์ไทย-ท้องถิ่นในโรงหนัง,อนาคตใหม่/ก้าวไกล
ทลายการผูกขาดในอุตสาหกรรมสร้างสรรค์,อนาคตใหม่/ก้าวไกล
คุ้มครองสวัสดิภาพและสิทธิแรงงานสร้างสรรค์และคนทำงานในกองถ่าย,อนาคตใหม่/ก้าวไกล
อาชีพให้บริการทางเพศ (sex worker) ถูกกฎหมาย,อนาคตใหม่/ก้าวไกล
ปลดล็อกเซ็กซ์ทอย (sex toy) และหนังผู้ใหญ่,อนาคตใหม่/ก้าวไกล
ควบคุมบุหรี่ไฟฟ้า,อนาคตใหม่/ก้าวไกล
คาสิโนถูกกฎหมาย รัฐกำกับดูแล,อนาคตใหม่/ก้าวไกล
คาสิโนออนไลน์ถูกกฎหมาย รัฐกำกับดูแล,อนาคตใหม่/ก้าวไกล
ลดความซ้ำซ้อนในการลงทุนโครงสร้างพื้นฐานขนาดใหญ่,อนาคตใหม่/ก้าวไกล
รถไฟทั่วถึง ทุกจังหวัดทั่วไทย,อนาคตใหม่/ก้าวไกล
ออกแบบระบบถนนหนทาง เพื่อลดรถติด-ลดอุบัติเหตุ,อนาคตใหม่/ก้าวไกล
กระจายงบซ่อมถนนอย่างเป็นธรรม,อนาคตใหม่/ก้าวไกล
กระจายอำนาจด้านการให้บริการระบบขนส่งสาธารณะ,อนาคตใหม่/ก้าวไกล
ผนวกความต้องการด้านการขนส่งเข้ากับการพัฒนาอุตสาหกรรม,อนาคตใหม่/ก้าวไกล
พัฒนาระบบตั๋วร่วม ใช้บัตรใบเดียว เดินทางได้ทุกระบบขนส่งสาธารณะทั่วไทย,อนาคตใหม่/ก้าวไกล
ส่งเสริมอุตสาหกรรมรถเมล์-รถบรรทุกไฟฟ้า,อนาคตใหม่/ก้าวไกล
สร้างเศรษฐกิจสีเขียวครบวงจร,อนาคตใหม่/ก้าวไกล
สร้างอุตสาหกรรมชิปในประเทศ,อนาคตใหม่/ก้าวไกล
ยกระดับบทบาทไทยใน ASEAN,อนาคตใหม่/ก้าวไกล
ศาลสิทธิมนุษยชนแห่ง ASEAN (Southeast Asian  Court of Human Rights),อนาคตใหม่/ก้าวไกล
ลงนามและให้สัตยาบันกฎหมายระหว่างประเทศเกี่ยวกับสิทธิมนุษยชน,อนาคตใหม่/ก้าวไกล
รักษาสันติภาพและคุณค่าประชาธิปไตย ภายใต้สงครามของมหาอำนาจ,อนาคตใหม่/ก้าวไกล
การทูตเกษตรเชิงรุก - เร่งหาแหล่งแม่ปุ๋ย & เปิดตลาดสินค้าเกษตร,อนาคตใหม่/ก้าวไกล
ตั้งเป้าขอขึ้นทะเบียนมรดกโลกแบบรวมกลุ่ม,อนาคตใหม่/ก้าวไกล
ตั้งสำนักงานผู้แทนการค้าไทย (TTRO) ขึ้นตรงนายกฯ,อนาคตใหม่/ก้าวไกล
พาสปอร์ตไทย ฟรีวีซ่าได้มากขึ้น,อนาคตใหม่/ก้าวไกล
โครงการศึกษาแลกเปลี่ยนสำหรับครูเพื่อพัฒนาทักษะภาษา,อนาคตใหม่/ก้าวไกล
การทูตวัคซีนเชิงรุก - เร่งฉีดให้กับกลุ่มคนที่อาศัยอยู่ตามแนวชายแดนสองฝั่ง,อนาคตใหม่/ก้าวไกล
การทูตฝุ่นเชิงรุก - แก้ปัญหาฝุ่นควันข้ามแดนในระดับระหว่างประเทศ,อนาคตใหม่/ก้าวไกล
ไทยเป็นศูนย์กลาง ASEAN ด้านการลดก๊าซเรือนกระจก & Green Tech,อนาคตใหม่/ก้าวไกล
"กองทุนพิสูจน์สิทธิ 10,000 ล้านบาท ยุติข้อพิพาท-ออกเอกสารสิทธิให้เกษตรกร",อนาคตใหม่/ก้าวไกล
เปลี่ยน สปก. เป็นโฉนดอย่างเป็นธรรม,อนาคตใหม่/ก้าวไกล
เปลี่ยนนิคมสหกรณ์เป็นโฉนดทันที,อนาคตใหม่/ก้าวไกล
ตั้งธนาคารที่ดิน กระจายการถือครองที่ดินให้ประชาชน,อนาคตใหม่/ก้าวไกล
เปลี่ยนระบบภาษีที่ดิน ลดความเหลื่อมล้ำในการถือครองที่ดิน,อนาคตใหม่/ก้าวไกล
ปลดหนี้ ธ.ก.ส. เกษตรกรสูงวัย จ่ายหนี้ถึงครึ่ง รัฐยกอีกครึ่งให้ทันที,อนาคตใหม่/ก้าวไกล
ต้นไม้ปลดหนี้ - รัฐเช่าที่เกษตรกรปลูกไม้มีค่า ปลดหนี้ตั้งแต่วันแรก แถมต้นไม้ใน 20 ปี,อนาคตใหม่/ก้าวไกล
หลังคาปลดหนี้ - รัฐติดแผงโซลาร์ให้ฟรี เกษตรกรขายไฟฟ้าปลดหนี้,อนาคตใหม่/ก้าวไกล
หมดยุคหาเงินจ่ายดอก ทุกบาทที่จ่ายหนี้ต้องลดเงินต้นก่อนดอกเบี้ย,อนาคตใหม่/ก้าวไกล
กระจายงบพัฒนาแหล่งน้ำให้ท้องถิ่น ครอบคลุมพื้นที่นอกเขตชลประทาน,อนาคตใหม่/ก้าวไกล
ซื้อ 1 แถม 1 ปุ๋ยสั่งตัด - แม่ปุ๋ยราคาถูก ผ่านสหกรณ์-กลุ่มเกษตร-วิสาหกิจชุมชน,อนาคตใหม่/ก้าวไกล
สนับสนุนการเลี้ยงสัตว์ ลดต้นทุน เพิ่มเงินทุน ขยายตลาด,อนาคตใหม่/ก้าวไกล
ดอกเบี้ย 0% ผ่อนโดรน รถไถ รถดำนา เครื่องจักรการเกษตร,อนาคตใหม่/ก้าวไกล
สุราก้าวหน้า เพิ่มมูลค่าสินค้าเกษตร,อนาคตใหม่/ก้าวไกล
พัฒนาสินค้าชุมชน - 1 ท้องถิ่น 1 โรงงานแปรรูปสินค้าเกษตร,อนาคตใหม่/ก้าวไกล
อาหารโรงเรียน-โรงพยาบาลจากชุมชน ตัดวงจรสินค้าเกษตร ไม่ผ่านพ่อค้าคนกลาง,อนาคตใหม่/ก้าวไกล
เปิดตลาดโลก เดินสาย-เจรจาประเทศคู่ค้า สร้างโอกาสเกษตรกรไทย,อนาคตใหม่/ก้าวไกล
รับรองมาตรฐาน GAP-GMP-เกษตรอินทรีย์ ฟรี! ส่งสินค้าเกษตรคุณภาพดีไปทั่วโลก,อนาคตใหม่/ก้าวไกล
“เกษตรข้ามรุ่น” - จ้างเกษตรกรรุ่นใหม่ สอนเกษตรกรวัยเก๋าใช้เทคโนโลยี,อนาคตใหม่/ก้าวไกล
ปลดล็อกฟาร์มสเตย์ เปลี่ยนไร่นาเป็นรายได้ สร้างอุตสาหกรรมท่องเที่ยวเชิงเกษตร,อนาคตใหม่/ก้าวไกล
ดูแลกลไกการตลาดสินค้าเกษตรให้มีความเป็นธรรม,อนาคตใหม่/ก้าวไกล
จดทะเบียน-ต่อทะเบียนเรือได้ผ่านมือถือ,อนาคตใหม่/ก้าวไกล
ฟรีประกันภัยเรือล่มเอกชน,อนาคตใหม่/ก้าวไกล
บัตรชมพู และ Seabook ทดแทนกันได้ ใบเดียวจบ,อนาคตใหม่/ก้าวไกล
หยุดบังคับติดตั้งระบบ AIS,อนาคตใหม่/ก้าวไกล
กระจายอำนาจการประมงให้ท้องถิ่น-ชาวประมง,อนาคตใหม่/ก้าวไกล
คืนชีวิตให้ประมงพื้นบ้าน,อนาคตใหม่/ก้าวไกล
เปลี่ยนบทลงโทษที่ไม่เป็นธรรมกับผู้ประกอบอาชีพประมง,อนาคตใหม่/ก้าวไกล
"รักษาสัญญา ซื้อเรือประมงที่ยังไม่ซื้อคืนทั้งหมด (เหลืออีก 3,000 ลำ)",อนาคตใหม่/ก้าวไกล
คืนชีวิตเรือประมงนอกน่านน้ำ ภายใต้กติกาสากล,อนาคตใหม่/ก้าวไกล
ตรวจสุขภาพประจำปี ฟรีทั้งค่าตรวจ-ค่าเดินทาง,อนาคตใหม่/ก้าวไกล
ตรวจสุขภาพประจำปี รวมคัดกรองมะเร็ง 6 ชนิดฟรี  สำหรับกลุ่มเสี่ยง,อนาคตใหม่/ก้าวไกล
วัคซีนเพิ่มเติมฟรีในเด็กและผู้ใหญ่,อนาคตใหม่/ก้าวไกล
แว่นตาฟรีถึง 18 ปี,อนาคตใหม่/ก้าวไกล
สุขภาพดี มีรางวัล (Health Score),อนาคตใหม่/ก้าวไกล
ทบทวนสิทธิประโยชน์ของกองทุนหลักประกันสุขภาพ และกองทุนประกันสังคม,อนาคตใหม่/ก้าวไกล
ตรวจสุขภาพประจำปี ต้องมีตรวจสุขภาพจิตด้วย,อนาคตใหม่/ก้าวไกล
ดูแลสุขภาพจิตครบวงจร เพิ่มบุคลากร-ขยายบัญชียา-ใช้เทคโนโลยี,อนาคตใหม่/ก้าวไกล
คลินิกเยาวชน ปรึกษาได้ ไม่ต้องรายงานผู้ปกครอง-โรงเรียน,อนาคตใหม่/ก้าวไกล
สร้างสังคมที่เอื้อต่อการมีสุขภาพจิตที่ดี,อนาคตใหม่/ก้าวไกล
สร้างแนวหน้าสุขภาพจิต ช่วยดูแล-บำบัด-ฟื้นฟูสุขภาพจิตของคนใกล้ตัว,อนาคตใหม่/ก้าวไกล
ยกระดับ รพ. สต. และศูนย์สาธารณสุขชุมชน Primary Care Unit (PCU),อนาคตใหม่/ก้าวไกล
ปลดล็อกระบบการแพทย์ออนไลน์ Telemedicine,อนาคตใหม่/ก้าวไกล
ยุติการตั้งครรภ์ไม่เกิน 12 สัปดาห์ รับยาฟรี ทุก รพ.สต.,อนาคตใหม่/ก้าวไกล
ลดความแออัดในโรงพยาบาล - ห้องฉุกเฉิน (ER) กันไว้สำหรับกรณีฉุกเฉิน,อนาคตใหม่/ก้าวไกล
ส่งต่อ-หาเตียงแบบไร้รอยต่อ ด้วยศูนย์รวมเตียง-ระบบเชื่อมข้อมูลสุขภาพ,อนาคตใหม่/ก้าวไกล
เพิ่มยอดบริจาคอวัยวะเชิงรุก ถามทุกครั้งที่ทำบัตรประจำตัวประชาชน,อนาคตใหม่/ก้าวไกล
"กองทุนดูแลผู้สูงอายุ-ผู้ป่วยติดเตียง งบประมาณเฉลี่ย 9,000 บาท/คน/เดือน",อนาคตใหม่/ก้าวไกล
ศูนย์ดูแลผู้ป่วยแบบประคับประคองในชุมชน อย่างน้อยอำเภอละหนึ่งแห่ง,อนาคตใหม่/ก้าวไกล
ธนาคารอุปกรณ์ดูแลผู้ป่วยที่บ้าน,อนาคตใหม่/ก้าวไกล
ลาไปบอกลา - เพิ่มสิทธิวันลาดูแลพ่อ-แม่ที่ป่วยระยะสุดท้าย,อนาคตใหม่/ก้าวไกล
ตายดี - สิทธิยุติชีวิตตนเองอย่างมีศักดิ์ศรี สำหรับคนที่ป่วยจากโรคทางกายที่รักษาไม่ได้,อนาคตใหม่/ก้าวไกล
ลดชั่วโมงการทำงานบุคลากรทางการแพทย์,อนาคตใหม่/ก้าวไกล
ค่าตอบแทนบุคลากรทางการแพทย์เป็นธรรม,อนาคตใหม่/ก้าวไกล
พัฒนา อสม. เฉพาะทาง,อนาคตใหม่/ก้าวไกล
เปลี่ยนอาสากู้ชีพเป็นอาชีพ มีทุนพัฒนาทักษะ-สวัสดิการ,อนาคตใหม่/ก้าวไกล
เลิกโรงไฟฟ้าถ่านหินทั้งหมดภายใน 2035,อนาคตใหม่/ก้าวไกล
"กำจัดการเผาภาคเกษตรภายใน 3 ปี พร้อมงบปรับตัว 3 ล้านบาทต่อตำบล (1,000 ตำบลเสี่ยง)",อนาคตใหม่/ก้าวไกล
ส่งเสริมแปรรูปฟางข้าวหรือซังข้าวโพด เกษตรกรขายแทนเผา,อนาคตใหม่/ก้าวไกล
ปลูกข้าว “เปียกสลับแห้ง” ได้ครบวงจร,อนาคตใหม่/ก้าวไกล
เพิ่มบ่อหมักก๊าซชีวภาพสำหรับฟาร์มปศุสัตว์,อนาคตใหม่/ก้าวไกล
กำหนดเพดานปล่อยก๊าซเรือนกระจกรายอุตสาหกรรม เปิดตลาดค้าขายแลกเปลี่ยน (cap & trade),อนาคตใหม่/ก้าวไกล
เปิดเผยข้อมูลมลพิษและก๊าซเรือนกระจก (PRTR),อนาคตใหม่/ก้าวไกล
“วันขึ้นขนส่งมวลชนฟรี” ลดใช้รถส่วนตัว,อนาคตใหม่/ก้าวไกล
เปลี่ยนรถไฟดีเซลเป็นรถไฟไฟฟ้า,อนาคตใหม่/ก้าวไกล
ตรวจเช็คสภาพรถยนต์ส่วนตัวฟรี ในช่วง 3 เดือนสุดท้ายของทุกปี,อนาคตใหม่/ก้าวไกล
ควบคุมปริมาณรถบรรทุกที่เข้ามาในเขตเมือง,อนาคตใหม่/ก้าวไกล
เพิ่มค่าบริการขยะอาหารสำหรับห้างใหญ่ บังคับแยกขยะ-เก็บข้อมูล-ทำบัญชีขยะอาหาร,อนาคตใหม่/ก้าวไกล
เปลี่ยนอาหารเหลือทิ้งเป็นเงิน - ลด 1 กิโล ได้ 1 บาท แถมคูปองอาหารอินทรีย์,อนาคตใหม่/ก้าวไกล
ต้นไม้ปลดหนี้ (เพิ่มป่า 1 ล้านไร่),อนาคตใหม่/ก้าวไกล
ต้นไม้บำนาญ (เพิ่มป่า 1.5 ล้านไร่),อนาคตใหม่/ก้าวไกล
ต้นไม้ทุนรัฐบาล (เพิ่มป่า 1.5 ล้านไร่),อนาคตใหม่/ก้าวไกล
ต้นไม้ชุมชน (เพิ่มป่า 1 ล้านไร่),อนาคตใหม่/ก้าวไกล
เพิ่มพื้นที่สีเขียวในเมือง,อนาคตใหม่/ก้าวไกล
สร้างงานสีเขียวเกิน 1 แสนตำแหน่ง,อนาคตใหม่/ก้าวไกล
งบวิจัย & พัฒนา (R&D) เทคโนโลยีลดโลกร้อน,อนาคตใหม่/ก้าวไกล
กองทุนปรับตัวรับมือภัยพิบัติ-น้ำท่วม,อนาคตใหม่/ก้าวไกล
เตือนภัยธรรมชาติทั่วถึง ครอบคลุมทุกพื้นที่,อนาคตใหม่/ก้าวไกล
ท้องถิ่นประกาศเขตพื้นที่ภัยพิบัติได้,อนาคตใหม่/ก้าวไกล
ทบทวนแผนการบริหารจัดการน้ำทั้งหมดรายลุ่มน้ำ,อนาคตใหม่/ก้าวไกล
ศูนย์พักพิง-อพยพมีมาตรฐาน ท้องถิ่นมีอำนาจและงบประมาณ,อนาคตใหม่/ก้าวไกล
ชดเชย-เยียวยาน้ำท่วม เป็นธรรมและทันควัน,อนาคตใหม่/ก้าวไกล
ประกันภัยพืชผล ฟรี ในทุกพื้นที่รับน้ำ,อนาคตใหม่/ก้าวไกล
แบนโฟม และ หลอด-แก้ว-ถุงพลาสติกที่ใช้ครั้งเดียวทิ้ง,อนาคตใหม่/ก้าวไกล
เก็บภาษีถุงพลาสติกเข้ากองทุนสิ่งแวดล้อม,อนาคตใหม่/ก้าวไกล
ยกเลิกคำสั่ง คสช. ด้านขยะอุตสาหกรรม ให้อำนาจท้องถิ่นปิดโรงงานชั่วคราว,อนาคตใหม่/ก้าวไกล
ยกเลิกการนำเข้าขยะจากต่างประเทศ,อนาคตใหม่/ก้าวไกล
ออกธรรมนูญจัดการขยะ กำหนดมาตรฐานทั่วประเทศ,อนาคตใหม่/ก้าวไกล
เครือข่ายเฝ้าระวัง (watchdog) และระบบร้องเรียน (hotline) ด้านสิ่งแวดล้อม,อนาคตใหม่/ก้าวไกล
ออก ‘กฎหมายหมอกควันข้ามพรมแดน’ ควบคุมการรับซื้อหรือนำเข้าสินค้าเกษตรที่มาจากการเผาในประเทศเพื่อนบ้าน,อนาคตใหม่/ก้าวไกล
เพิ่มแรงจูงใจให้เกษตรกรในการลดการเผา,อนาคตใหม่/ก้าวไกล
เพิ่มเป้าหมายค่ามาตรฐานคุณภาพอากาศของประเทศไทย,อนาคตใหม่/ก้าวไกล
เพิ่มประสิทธิภาพการตรวจวัด-แจ้งเตือน-ตรวจสอบเรื่องฝุ่น,อนาคตใหม่/ก้าวไกล
สนับสนุน พ.ร.บ. อากาศสะอาด,อนาคตใหม่/ก้าวไกล
กำหนดมาตรฐานเกี่ยวกับการติดป้ายโฆษณา,อนาคตใหม่/ก้าวไกล
ส่งเสริม “พื้นที่อนุรักษ์ด้านความมืด”,อนาคตใหม่/ก้าวไกล
แก้ปัญหากัดเซาะชายฝั่ง สนับสนุนมาตรการสีขาว-สีเขียว,อนาคตใหม่/ก้าวไกล
แก้ปัญหากัดเซาะชายฝั่ง มาตรการสีเทาทุกโครงการต้องผ่าน EIA,อนาคตใหม่/ก้าวไกล
ชดเชย-เยียวยาเหยื่อช้างป่า เป็นธรรมและทันควัน,อนาคตใหม่/ก้าวไกล
จัดตั้งทีมอาสาป้องกันช้างป่าในทุกหมู่บ้านเสี่ยง (300 หมู่บ้าน),อนาคตใหม่/ก้าวไกล
จัดตั้งศูนย์บัญชาการการป้องกันช้างป่า (war room),อนาคตใหม่/ก้าวไกล
พัฒนาเทคโนโลยีระบบติดตามเฝ้าระวังช้างป่า (ปลอกคอ GPS / กล้องดักภาพ AI / โดรน),อนาคตใหม่/ก้าวไกล
ล่อช้างกลับป่า-พื้นที่อาศัยเฉพาะของช้าง และทดลองแนว-คูกันช้าง,อนาคตใหม่/ก้าวไกล
ลดกิจกรรมมนุษย์-ราชการ เพื่อลดการสัญจรในพื้นที่อาศัยของช้างป่า,อนาคตใหม่/ก้าวไกล
จัดทำพื้นที่อาศัยถาวรสำหรับช้างป่า,อนาคตใหม่/ก้าวไกล
ทดลองนำร่องการท่องเที่ยวแนวซาฟารี ในพื้นที่ช้างป่า,อนาคตใหม่/ก้าวไกล
ฉีดวัคซีน-ทำหมัน ให้ทั้งหมาแมวบ้านและหมาแมวจรในพื้นที่,อนาคตใหม่/ก้าวไกล
บัตรประชาชน หมา-แมว,อนาคตใหม่/ก้าวไกล
สถานพักพิงหมาแมวจรมีมาตรฐาน,อนาคตใหม่/ก้าวไกล
รับเลี้ยงหมาแมวจร แถมฟรีประกันสุขภาพสัตว์,อนาคตใหม่/ก้าวไกล
ส่งเสริมการประเมินผลกระทบสิ่งแวดล้อมเชิงยุทธศาสตร์ (SEA) ของโครงการ,อนาคตใหม่/ก้าวไกล
ทุกโรงเรียนมีงบพอ,อนาคตใหม่/ก้าวไกล
โรงเรียนโปร่งใส ปราศจากทุจริต,อนาคตใหม่/ก้าวไกล
ส้วมสะอาด อาคารสถานที่ปลอดภัย,อนาคตใหม่/ก้าวไกล
นักเรียนเครียด-ซึมเศร้ามีที่ปรึกษา,อนาคตใหม่/ก้าวไกล
กฎโรงเรียนต้องไม่ขัดหลักสิทธิมนุษยชน,อนาคตใหม่/ก้าวไกล
ครูละเมิดสิทธิ พักใบประกอบทันที,อนาคตใหม่/ก้าวไกล
ยกเลิกตั้งแถว ใช้เวลาอัปเดตเหตุการณ์บ้านเมือง,อนาคตใหม่/ก้าวไกล
ไม่บังคับชุดนักเรียน ผู้ปกครองใช้งบกับอย่างอื่นได้,อนาคตใหม่/ก้าวไกล
ออกแบบหลักสูตรใหม่ เน้นทักษะที่ได้ใช้จริง,อนาคตใหม่/ก้าวไกล
ชั่วโมงเรียนดีมีคุณภาพ ลดคาบเรียน-การบ้าน-การสอบ,อนาคตใหม่/ก้าวไกล
ลดวิชาบังคับ เพิ่มวิชาทางเลือก,อนาคตใหม่/ก้าวไกล
โรงเรียน 2 ภาษา นักเรียนพูดภาษาอังกฤษได้,อนาคตใหม่/ก้าวไกล
วิชาประวัติศาสตร์ เน้นวิเคราะห์-แลกเปลี่ยน,อนาคตใหม่/ก้าวไกล
ส่งเสริมเทคโนโลยีทางการศึกษา,อนาคตใหม่/ก้าวไกล
สร้างแพลตฟอร์มตรวจสอบเนื้อหาหนังสือเรียน,อนาคตใหม่/ก้าวไกล
การศึกษานอกระบบ (กศน.) แบบ on-demand,อนาคตใหม่/ก้าวไกล
อำนวยความสะดวกในการทำ Home School,อนาคตใหม่/ก้าวไกล
เปิดข้อสอบ TCAS ย้อนหลังทั้งหมดพร้อมเฉลยทันที,อนาคตใหม่/ก้าวไกล
ค่าใช้จ่าย TCAS อัตราเดียว ไม่เกิน 500 บาท,อนาคตใหม่/ก้าวไกล
เลิกให้ครูนอนเวร,อนาคตใหม่/ก้าวไกล
ลดงานเอกสาร-งานธุรการครู,อนาคตใหม่/ก้าวไกล
ยกเลิกพิธีรีตองในการประเมินครู-รับแขก,อนาคตใหม่/ก้าวไกล
นักเรียนประเมินครู ครูประเมิน ผอ.,อนาคตใหม่/ก้าวไกล
งบอบรมให้ครู-โรงเรียน ตัดสินใจเองว่าจะเรียนรู้อะไร,อนาคตใหม่/ก้าวไกล
"เพิ่มค่าตอบแทนครูบรรจุใหม่ เป็น 20,000+ ต่อเดือน",อนาคตใหม่/ก้าวไกล
ยกระดับสถาบันผลิตครู เพิ่มทักษะ-ความเชี่ยวชาญครู,อนาคตใหม่/ก้าวไกล
แก้ปัญหาหนี้สินครู กำหนดเพดานหักเงินเดือน,อนาคตใหม่/ก้าวไกล
เรียนฟรีอาชีวะถึง ปวส. จบแล้วมีงานทำ,อนาคตใหม่/ก้าวไกล
เพิ่มงบพัฒนาคุณภาพสถาบันอาชีวศึกษา แห่งละ 10 ล้านบาทต่อปี,อนาคตใหม่/ก้าวไกล
ส่งเสริมอาชีวศึกษาระบบทวิภาคี,อนาคตใหม่/ก้าวไกล
ส่งเสริมสหกิจศึกษา (เรียน+ฝึกงาน) ในมหาวิทยาลัย,อนาคตใหม่/ก้าวไกล
ยกระดับ กยศ. ทุกคนกู้ได้ ยกเลิกกิจกรรมจิตอาสา จ่ายคืนเมื่อจ่ายไหวเท่านั้น,อนาคตใหม่/ก้าวไกล
ทำงานเทียบวุฒิได้ ยกระดับสถาบันคุณวุฒิวิชาชีพ,อนาคตใหม่/ก้าวไกล
กระจายอำนาจให้โรงเรียน เติบโตได้ภายใต้ท้องถิ่น,อนาคตใหม่/ก้าวไกล
บอร์ดโรงเรียน ต้องมีตัวแทนนักเรียน,อนาคตใหม่/ก้าวไกล
งบที่สภานักเรียนเลือกใช้เองได้,อนาคตใหม่/ก้าวไกล
สภาเยาวชนมาจากการเลือกตั้ง เสนอกฎหมายไปที่รัฐสภาได้,อนาคตใหม่/ก้าวไกล
1 จังหวัด 1 แหล่งท่องเที่ยว,พลังไทยรักไทย
1 ตำบล 1 ทุน ทุนการศึกษาจบปริญญาตรีฟรี มีงานทำ,พลังไทยรักไทย
1 ตำบล 1 ธนาคาร,พลังไทยรักไทย
30 บาทรักษาทุกโรคได้จริง,พลังไทยรักไทย
30 รักษาทั่วไทย,พลังปวงชนไทย
"LGBT สิทธิต้องเท่าเทียม

",ประชาภิวัฒน์
"Single mom 10,000 บาทต่อเดือน",ประชาภิวัฒน์
Street food จัดระเบียบและหาสถานที่ทดแทนให้ร้านค้า,เศรษฐกิจใหม่
Work@home ทำงานที่ไหนก็ได้ เงินเดือนเท่าเดิม,ภูมิใจไทย
กระจายรายได้ส่วนกลางต่อท้องถิ่น,ก้าวไกล/อนาคตใหม่
กระจายอำนาจอธิปไตยให้ชุมชนท้องถิ่น,ประชาชาติ
กองทุนกู้ยืมเพื่อการศึกษาระดับมหาวิทยาลัยโดยผู้กู้ยืมค้ำประกันตัวเองได้,รวมพลังประชาชาติไทย
"กัญชา 1,000,000 ไร่",ประชาภิวัฒน์
กัญชาไทย ปลูกได้เสรี และนำไปใช้ทางการแพทย์,ภูมิใจไทย
การเข้าถึงสินเชื่อดอกเบี้ยต่ำเพื่อที่อยู่อาศัยผู้มีรายได้น้อย,ประชาธิปัตย์
การค้าออนไลน์อาชีพสงวนคนไทย,เศรษฐกิจใหม่
"การจัดตั้งกองทุนสวัสดิการเพื่อเกษตรกร เริ่มต้นที่วงเงิน 20,000 ล้านบาท",ชาติพัฒนา
การปฏิรูปพลังงาน,พลังธรรมใหม่
การวางผังเมืองใหม่ให้กลายเป็น Green and Clean City,เพื่อชาติ
ก้าวข้ามความขัดแย้ง เปลี่ยนแปลงปฏิรูปแผ่นดิน,ชาติไทยพัฒนา
กำจัดอุปสรรคในการทำธุรกิจ,เพื่อไทย
เกษตรกรปลอดหนี้ใน 3 ปี สร้างฐานะร่ำรวยภายใน 5 ปี,พลังปวงชนไทย
เกษตรกรมีที่ดินทำกินและเป็นเจ้าของกรรมสิทธิ์ในที่ดิน,ประชาชาติ
เกิดปั๊บรับแสน,ประชาธิปัตย์
แก้กฎหมายที่เป็นอุปสรรค sharing economy (ทำ Grab ให้ถูกกฎหมาย),ภูมิใจไทย
แก้กฎหมายประมง ให้ทำอาชีพประมงง่ายขึ้น,ภูมิใจไทย
แก้กฎหมายเพื่อชาวรถบรรทุก,ประชาภิวัฒน์
แก้ไขปัญหาความยากจน หนี้สิน ความเหลื่อมล้ำทั้งด้านเศรษฐกิจ สิทธิเสรีภาพ กฎหมาย ศักดิ์ศรีและเชิงพื้นที่ ขจัดการทุจริต,ประชาชาติ
แก้ไขปัญหาทุกข์ร้อนให้ประชาชนด้วยกฎหมายจนถึงที่สุด,ประชาชนปฏิรูป
แก้ไขปัญหาน้ำทั้งระบบ สินค้าเกษตรให้ขายได้ราคาสูงสุด แก้ไขปัญหาราคายาง,ประชาชาติ
แก้ไขยกเลิกกฎหมายที่ล้าหลัง ออกกฎหมายใหม่ให้เข้ากับปัจจุบัน,ประชาธรรมไทย
แก้ประมวลกฎหมายแพ่งและพาณิชย์ให้คนเพศเดียวกันแต่งงานกันได้,ชาติไทยพัฒนา
แก้ปัญหาของชาติด้วยวิถีทางประชาธิปไตยที่ธำรงไว้ซึ่งหลักนิติธรรม,ประชาชาติ
แก้ปัญหาชาวสวนยาง 3 แสนครัวเรือนไม่มีเอกสารสิทธิ์,ประชาธิปัตย์
แก้ปัญหาฝุ่น PM 2.5 ภายใต้ 3 ปี / ลดภาษีนำเข้าหน้ากากอนามัยเป็น 0%,เพื่อไทย
แก้ปัญหายาเสพติด,ประชาชาติ
แก้ปัญหาวิกฤติความขัดแย้งให้เกิดสมานฉันท์ปรองดองของคนในชาติ และปัญหาจังหวัดชายแดนภาคใต้,ประชาชาติ
แก้ปัญหาเศรษฐกิจชาวบ้าน,รวมพลังประชาชาติไทย
แก้หนี้กยศ.,ภูมิใจไทย
ขยายเกษียณอายุราชการ 63 ปี,พลังประชารัฐ
"ขยายโรงเรียนประชารัฐร่วมพัฒนา 1,000 แห่ง ใน 4 ปี",พลังประชารัฐ
ขยายเวลาเกษียณราชการ เป็น 65 ปี,ชาติไทยพัฒนา
ขยายเวลาอายุเกษียณในภาครัฐเป็น 70 ปี,รวมพลังประชาชาติไทย
ขยายสิทธิและสวัสดิการของแรงงานนอกระบบ,ประชาธิปัตย์
ขยายอายุการเกษียณเป็น 65 ปี,ชาติพัฒนา
ขุดคลองไทย,พลังชาติไทย
คนพิการต้องมีงานทำ,ประชาภิวัฒน์
"ค่าตอบแทน อสม. เดือนละ 1,200 บาท",ประชาธิปัตย์
ค่าแรงขั้นต่ำ 400-425 บาทต่อวัน,พลังประชารัฐ
คืนครูให้นักเรียน,ประชาธิปัตย์
คุณภาพชีวิตดี รักษาฟรี ทุกที่ ทุกโรค,ประชาธิปไตยใหม่
คูปองเพิ่มทักษะสำหรับผู้ใหญ่,ประชาธิปัตย์
โครงการบ้านล้านหลังประชารัฐ,พลังประชารัฐ
"งานผู้สูงอายุ 1,000,000 ตำแหน่ง",พลังประชารัฐ
"เงินช่วยเหลือผู้สูงวัย 2,000 บาทต่อเดือน",เพื่อชาติ
"เงินเดือนปริญญาตรี 20,000 บาท เงินเดือน อาชีวะ 18,000 บาท",พลังประชารัฐ
"จัดการสร้างเครือข่ายน้ำใต้ดิน 7,255 ตำบล",พลังท้องถิ่นไท
จัดตั้งกองทุนสวัสดิการเกษตรกรชาวสวนยางให้จ่ายเงินสมทบตามสมัครใจ,ประชาธิปัตย์
"จัดตั้ง ""สภาประชาชนปฏิรูปจังหวัด"" ทั้ง 77 จังหวัด",ประชาชนปฏิรูป
"จัดตั้ง 1,000,000 บาทต่อชุมชนเปลี่ยนชีวิตคนกทม.",พลังท้องถิ่นไท
จัดตั้ง คกก.บริหารจัดการที่อยู่อาศัยฯ,ประชาธิปัตย์
"จัดตั้งกองทุนกู้ยืมเพื่อ Smart SME 10,000 ล้านบาท เพื่อให้ผู้ประกอบการ SME",ชาติพัฒนา
จัดตั้งกองทุนบำนาญประชาชน,ประชาธิปไตยใหม่
"จัดตั้งกองทุนพัฒนานักกีฬาอาชีพ 2,000 ล้านบาท",ชาติพัฒนา
"จัดตั้งกองทุนส่งเสริมดิจิทัล Start Up 5,000 ล้านบาท",ชาติพัฒนา
"จัดตั้งเขตพัฒนาเศรษฐกิจพิเศษสามจังหวัดชายแดนภาคใต้ 
(เขตพัฒนาเศรษฐกิจพิเศษสินค้าฮาลาล)",รวมพลังประชาชาติไทย
จัดตั้งโรงพยาบาลรักษาหนี้ ปลูกต้นไม้ใช้หนี้ หนีโลกร้อน,ประชาธิปไตยใหม่
"จัดสรรโดยนำที่ดินของรัฐ 1,000,000 ไร่ ให้เกษตรกร",พลังท้องถิ่นไท
จัดสรรที่ดินรัฐให้ประชาชนอยู่อาศัยและทำกิน,พลังปวงชนไทย
จัดสร้างศูนย์ส่งเสริมธุรกิจ Startup และ SME แบบครบวงจรเพื่อคนรุ่นใหม่,พลังท้องถิ่นไท
จัดหาพัฒนาพื้นที่ให้หาบเร่แผงลอย สู่อาชีพที่มั่นคง,พลังท้องถิ่นไท
จัดให้ทุกชุมชนและท้องถิ่นได้เรียนฟรีหลายภาษา,พลังท้องถิ่นไท
จัดให้มี Mini Sport Complex ในทุกอำเภอเพื่อการออกกำลังกายและฝึกทักษะด้านกีฬา,ชาติพัฒนา
จัดให้มีสถานดูแลผู้สูงอายุ (เนอร์สซิ่งโฮม),รวมพลังประชาชาติไทย
โฉนดชุมชน,ประชาธิปัตย์
โฉนดใบเดียวทั้งแผ่นดิน,เพื่อชาติ
โฉนดสีฟ้า ส.ป.ก. เป็นหลักประกันเงินกู้ธนาคารรัฐ-ศาลได้,ประชาธิปัตย์
ชนเผ่าเข้าสภา,ประชาภิวัฒน์
เชื่อมโยงการจัดการน้ำ 4 ภูมิภาค โดยผันน้ำจากแม่น้ำโขง,ครูไทยเพื่อประชาชน
เชื่อมโยงข้อมูลรัฐกับประชาชน ด้วย Single Digital ID,ก้าวไกล/อนาคตใหม่
เชื่อมโยงอีอีซี-อีสาน-อินโดจีน,ชาติพัฒนา
ใช้เทคโนโลยีเพิ่มมูลค่าสินค้าเกษตร,ก้าวไกล/อนาคตใหม่
ใช้โมเดล EEC ทำอีสาน 4.0 ล้านนา 4.0 ปลายด้านขวาน 4.0 กรุงเทพ 5.0,พลังประชารัฐ
ใช้ระบบคณะเสนาธิการร่วม รัฐบาลอยู่เหนือกองทัพ,ก้าวไกล/อนาคตใหม่
ซัตดาวน์ยาเสพติด จับจริง ลุยจริงให้หมดไปภายใน 1 ปี,พลังท้องถิ่นไท
ดำเนินการด้วยความเปิดเผย โปร่งใส ตรงไปตรงมา,ประชาชนปฏิรูป
เด็กจบใหม่ยกเว้นภาษี 5 ปี,พลังประชารัฐ
เด็กทุกคนพูดภาษาอังกฤษได้,ประชาธิปัตย์
เดินหน้าธนาคารที่ดิน,ประชาธิปัตย์
ต่อยอดบัตรสวัสดิการแห่งรัฐ,พลังประชารัฐ
ตั้งกระทรวงศาสนา,ประชาธิปไตยใหม่
ตั้งกองทุนการศึกษาให้เรียนฟรีจนถึงมัธยมปลาย,ประชาธรรมไทย
ตั้งกองทุนยกระดับราคาสินค้าการเกษตร โดยประชาชนทำหน้าที่แทนรัฐ,พลังท้องถิ่นไท
"ตั้งกองทุนหมู่บ้าน ๆ ละ 3,000,000 พร้อมต่อยอด OTOP",พลังไทยรักไทย
ตั้งกองทุนแห่งรัฐพัฒนาประเทศ ตั้งบรรษัท เกษตรแห่งชาติจำกัด (มหาชน),พลังไทยรักไทย
ตั้งโครงการบ้านเกษียณสำราญ สำหรับผู้สูงอายุปรับปรุงบ้านพักคนชรา,ชาติพัฒนา
ตัดงบซื้ออาวุธที่ไม่จำเป็น,เพื่อไทย
ทลายทุนผูกขาด ดิวตี้ฟรี ธนาคาร เหล้าเบียร์,ก้าวไกล/อนาคตใหม่
ทำกองทุนสนับสนุนสมาร์ทไอเดีย,พลังประชารัฐ
ทำธนาคารพัฒนารายได้ ทุกจังหวัด ให้คนจนเข้าถึงแหล่งทุน,เพื่อไทย
ทำเกษตรอินทรีย์ทั้งประเทศ,พลังชาติไทย
ทำงาน 4 วันต่อสัปดาห์,ภูมิใจไทย
ทำจังหวัดชายแดนภาคใต้ให้เป็นเขตพัฒนาพิเศษ,ภูมิใจไทย
ทำทุ่งกุลาร้องไห้ 2.1 ล้านไร่ ใน 5 จังหวัด ให้เป็น “เขตเศรษฐกิจพิเศษทุ่งกุลา”,รวมพลังประชาชาติไทย
ทำศูนย์เด็กเล็กคุณภาพดีทั่วประเทศ (อนุบาล-ม.3) อาหารเช้า-กลางวันฟรี มีคุณภาพ,ประชาธิปัตย์
ทำให้ราคาสินค้าเกษตร เพิ่ม 30% ภายใน 6 เดือน,เพื่อไทย
ที่ดินกรรมสิทธิ์และที่ดินที่รัฐจัดสรรให้สามารถตัดต้นไม้ที่ปลูกได้,รักษ์ผืนป่าประเทศไทย
"ทุนการศึกษาครูเทคโนโลยีทุกอำเภอ อำเภอละ 1,000,000 บาท",ชาติพัฒนา
ธนาคารครู ธนาคารตำรวจ,ประชานิยม
ธนาคารครูไทย,ครูไทยเพื่อประชาชน
นมฟรี พัฒนาความสูง การเรียนรู้ของเด็กไทย,เศรษฐกิจใหม่
นโยบาย 1 ตำบล 1 นักศึกษาแพทย์,เพื่อชาติ
นโยบายทลายกำแพงใจ,เพื่อชาติ
นโยบายราคาพืชผลทางการเกษตร,เพื่อชาติ
"น้อมนำคำสอน ""พระพุทธเจ้า"" มาปฏิบัติ",ประชาชนปฏิรูป
นำ Buriram Model มาใช้พัฒนาการท่องเที่ยวในจังหวัดอื่น,ภูมิใจไทย
นำกระทรวงศึกษาธิการออกจากการเมือง,ชาติไทยพัฒนา
นำภาษีที่ใช้จ่าย ผลการเรียน ชั่วโมงจิตอาสา มาลดหนี้ กยศ.ได้,ภูมิใจไทย
"นำรถเก่าแลกรถไฟฟ้าได้ส่วนลด 100,000 บาท",พลังประชารัฐ
นำระบบ profit sharing มาใช้กับพืชเศรษฐกิจ ข้าว ยาง และมันสำปะหลัง,ภูมิใจไทย
นิรโทษกรรมนักธุรกิจเก่าด้วยการทบทวนปลดเครดิตบูโร,พลังปวงชนไทย
เน้นนโยบายการออมเงิน ตั้งแต่แรกเกิดจนอายุ 20 ปี,ประชาธรรมไทย
"เน้นบริการปฐมภูมิ Primary Care มีหมอประจำครอบครัว 6,500 ทีม ใน 10 ปี",พลังประชารัฐ
บังคับใช้ กฎหมายแข่งขันการค้าอย่างจริงจัง,ก้าวไกล/อนาคตใหม่
บัตรคนดีปลดหนี้ประชาชน ทำดีได้เงิน,ครูไทยเพื่อประชาชน
"บัตรประชาชนมีมูลค่า 60,000 บาท สามารถนำมาประกันตัว ในชั้นสอบสวนและชั้นศาลได้",ประชาธิปไตยใหม่
บ้านสุขใจวัยเกษียณ,พลังประชารัฐ
เบี้ยผู้ยากไร้ 800 บาท โอนตรงเข้าบัญชี,ประชาธิปัตย์
"เบี้ยผู้สูงอายุ (คนชรา) 5,000 บาทต่อเดือน",ประชาภิวัฒน์
"เบี้ยยังชีพผู้สูงอายุ 1,000 บาท",ประชาธิปัตย์
แบ่งกำไรขายข้าว 75% ให้ชาวนา 25% ให้โรงสี,ภูมิใจไทย
ปกป้องสถาบันชาติ ศาสนา พระมหากษัตริย์ ไม่ให้ถูกรังแก,ไทยศรีวิไลย์
ปฏิรูปเครดิตบูโร,ประชาธรรมไทย
ปฏิรูปรถสาธารณะทั้งระบบ,ประชานิยม
ปฏิวัติการศึกษาไทย,ครูไทยเพื่อประชาชน
ปฏิวัติระบบการป้องกันและปราบปรามการทุจริตตามมาตรฐานสากล เพื่อลงโทษคนทุจริตโดยเร่งด่วน,พลเมืองไทย
"ประกันรายได้ข้าวหอมมะลิ ราคาไม่ต่ำกว่า 10,000 บาทต่อตัน",ประชาธิปัตย์
ประกันรายได้ปาล์ม กิโลกรัมละ 4 บาท ครัวเรือนละ 25 กิโลกรัม,ประชาธิปัตย์
ประกันรายได้ยาง กิโลกรัมละ 60 บาท ครัวเรือนละ 25 กิโลกรัม,ประชาธิปัตย์
"ประกันรายได้แรงงาน 120,000 บาทต่อปี หากมีต่ำกว่า รัฐโอนเงินให้",ประชาธิปัตย์
ประกาศให้ประเทศไทยเป็นเมืองสินค้าปลอดภาษีอันดับ 1 ของโลก,เศรษฐกิจใหม่
ประชาชนใหญ่กว่านักการเมือง ให้ประชาชนมีอำนาจตรวจสอบ,พลังท้องถิ่นไท
ปรับค่าแรงขั้นต่ำให้คนละ 360 บาททั่วประเทศ,ประชานิยม
ปรับโครงสร้างการทำงานของกองทัพให้สั้น กระชับ และมีประสิทธิภาพ ขจัดความซ้ำซ้อน,ประชาธิปัตย์
ปรับโครงสร้างตำรวจ,ประชาภิวัฒน์
ปรับโครงสร้างหนี้เกษตรกร ที่ยังมีศักยภาพ,ก้าวไกล/อนาคตใหม่
ปรับโครงสร้างหนี้ครูทั่วประเทศ,ชาติพัฒนา
"ปรับฐานเงินเดือนกำนัน ผู้ใหญ่บ้าน ผู้ช่วยผู้ใหญ่บ้าน สารวัตรกำนัน เป็นขั้นต่ำ 10,000 บาทต่อเดือน",ชาติพัฒนา
ปรับปรุงนโยบาย 30 บาท รักษาทุกโรคให้ดีขึ้น และให้ทุกคนมีหมอประจำตัวผ่าน app,เพื่อไทย
ปรับหนี้กยศ. ปรับภาระผู้ค้ำประกัน พักหนี้ 5 ปี,ภูมิใจไทย
ปราบปรามทุจริตคอรัปชั่น ปราบยาเสพติดทุกประเภท,ไทยศรีวิไลย์
"ปริญญาตรี เงินเดือน 16,500 บาทต่อเดือน",ประชานิยม
ปลดหนี้เกษตรกร ที่มีปัญหาสังคม ชรา ทุพพลภาพ พิการ,ก้าวไกล/อนาคตใหม่
ปลดหนี้เกษตรกรที่เข้าร่วมโครงการส่งเสริมจากรัฐ,ชาติไทยพัฒนา
ปลอดภาษีเครื่องจักรกลและเครื่องยนต์ เพื่อการเกษตรและประมง,เพื่อชาติ
ปลูกต้นไม้ใช้หนี้ ปลอดภาษีเกษตรอินทรีย์,ครูไทยเพื่อประชาชน
ป้องกันและปราบปรามการทุจริตคอรัปชั่น,พลังธรรมใหม่
ปิดถนนเพื่อทำดอกไม้ ฟื้นฟูตลาดดอกไม้อยู่คู่กรุงเทพมหานคร,เศรษฐกิจใหม่
เปลี่ยนงบกองทัพ ไปซื้อรถไถนาประจำหมู่บ้าน เพื่อเกษตรกร,ประชานิยม
เปลี่ยนงบซื้อรถถัง มาซื้อรถโดยสารปรับอากาศ ( NGV),ประชานิยม
เปลี่ยนแปลงการท่องเที่ยวเป็นมาตรฐานสากล,พลังชาติไทย
เปลี่ยนแปลงระบบยุติธรรมให้เป็นธรรมกับประชาชนทุกฐานะ,ไทยศรีวิไลย์
เปลี่ยนรถโดยสาร เป็นรถเมล์ไฟฟ้า,พลังประชารัฐ
เปลี่ยนรถยนต์ไปใช้ไฟฟ้าทั้งหมดภายใน 4 ปี,เพื่อไทย
เปิดประเทศ 24 ชั่วโมง,พลังปวงชนไทย
เปิดศูนย์กลางการเงินของโลกรวมรายได้มากมายมหาศาลกว่า 18 ล้านล้านบาทต่อปี เป็น “รัฐสวัสดิการ”,พลังชาติไทย
เปิดสถานบันเทิงครบวงจร เช่น ลาสเวกัส,พลังชาติไทย
ผลักดันการเก็บภาษีที่ดินให้มีประสิทธิภาพ,ประชาธิปัตย์
ผลักดันการท่องเที่ยวชายฝั่งทะเลภาคใต้  Thailand Riviera,ชาติพัฒนา
ผลักดันใช้น้ำมัน ดีเซล B10 B20 และ B100 ให้มากขึ้น,ประชาธิปัตย์
"ผลักดันใช้ยางในประเทศ 20% ปีละ 1,000,000 ตัน",ประชาธิปัตย์
ผลักดันธุรกิจ MICE,ชาติพัฒนา
พรรคไทรักธรรมจะเป็นพ่อค้าคนกลางในสินค้าต่างๆ,ไทรักธรรม
พลเมืองไทยร่วมกันสร้าง “สังคมสวัสดิการ”เพื่อดูแลคนจน คนพิการ ผู้ด้อยโอกาส และผู้สูงอายุ,พลเมืองไทย
พลังงานบริษัทต้องมีสวัสดิการเทียบเท่าข้าราชการ,พลังปวงชนไทย
พลังแผ่นดินปลอดยาเสพติด,พลังไทยรักไทย
พักชำระหนี้ประชาชนและครูเป็นเวลา 4 ปี,ครูไทยเพื่อประชาชน
พักหนี้เกษตรกร 3 ปี,เพื่อไทย
พักหนี้เกษตรกร 3 ปี,พลังไทยรักไทย
พัฒนา 30 เมืองน่าอยู่ใกล้ๆ บ้าน,พลังประชารัฐ
พัฒนาการท่องเที่ยวเพื่อเพิ่มรายได้ ส่งเสริมการท่องเที่ยวอย่างยั่งยืน ไม่เน้นตัวเลข,ชาติไทยพัฒนา
พัฒนาขีดความสามารถในการรักษาพยาบาลของโรงพยาบาลประจำอำเภอ,รวมพลังประชาชาติไทย
พัฒนาสถาบันฝึกอาชีวะ 900 โรงทั่วประเทศ,ก้าวไกล/อนาคตใหม่
พัฒนาสิทธิประโยชน์ 3 กองทุน ให้มีมาตรฐาน,พลังประชารัฐ
พื้นที่ป่าสงวนแห่งชาติที่ราษฎรยากจนถูกจับให้ยุติคดี,รักษ์ผืนป่าประเทศไทย
"เพิ่มค่าตอบแทนให้ อสม.เป็นเดือนละ 2,000 บาท",ชาติพัฒนา
"เพิ่มงบบัตรทองเป็นคนละ 4,000 บาท",ก้าวไกล/อนาคตใหม่
เพิ่มงบประมาณท้องถิ่น ส่งเสริมความคล่องตัวในการทำงาน,ชาติไทยพัฒนา
เพิ่มเงินเดือนและสวัสดิการของทหารชั้นผู้น้อย,เพื่อไทย
เพิ่มนักท่องเที่ยวเป็น 50 ล้านคน สร้างรายได้ 3 ล้านล้านบาทต่อปี,เพื่อไทย
เพิ่มนักโภชนาการ 1 คน ต่อ 1 เขต การศึกษา,ก้าวไกล/อนาคตใหม่
"เพิ่มเบี้ยคนชราเป็นเดือนละ 1,800 บาท",ก้าวไกล/อนาคตใหม่
"เพิ่มเบี้ยผู้สูงอายุเป็น 1,500 บาทต่อคน ต่อเดือน",รวมพลังประชาชาติไทย
เพิ่มเบี้ยยังชีพผู้พิการ,รวมพลังประชาชาติไทย
"เพิ่มเบี้ยยังชีพผู้สูงอายุ เป็น 2,000 บาทต่อเดือน",ชาติพัฒนา
"เพิ่มเบี้ยยังชีพผู้สูงอายุเป็น 1,000 บาทต่อเดือน",พลังประชารัฐ
เพิ่มป่าไม้ของประเทศจากการปลูกต้นไม้เพื่อสู้ภาวะโลกร้อน,รักษ์ผืนป่าประเทศไทย
เพิ่มพลังองค์กรท้องถิ่น พัฒนาสังคมจากฐานราก,พลังท้องถิ่นไท
เพิ่มพื้นที่ป่าไม้ให้ได้ 40% ของพื้นที่ประเทศ,รวมพลังประชาชาติไทย
เพิ่มรากแก้วประเทศไทย สร้างองค์กรปกครองท้องถิ่นรูปแบบพิเศษ,พลังท้องถิ่นไท
เพิ่มรายได้เกษตรกร กลุ่มมนุษย์เงินเดือน กลุ่มคนสูงอายุ ให้คนสูงอายุได้รับเงินสูงขึ้น,ชาติไทยพัฒนา
เพิ่มวันลาคลอดเป็น 180 วัน,ก้าวไกล/อนาคตใหม่
เพิ่มสวัสดิการพื้นฐานผู้สูงอายุคนพิการและผู้ด้อยโอกาสให้สูงขึ้น,พลังไทยรักไทย
เพิ่มสิทธิเยาวชน ลดอายุบรรลุนิติภาวะ-สมัคร ส.ส.ได้ เหลือ 18 ปี,ก้าวไกล/อนาคตใหม่
เพิ่มหลักสูตรการเรียนการสอนแบบ 2 ภาษา (เด็กไทย 2 ภาษา),ชาติพัฒนา
เพิ่มหลักสูตรบริการสังคม เป็นทางเลือกสำหรับนักเรียน นอกจากการเรียน ร.ด.,ประชาธิปัตย์
เพิ่มโอกาสทำมาหากินของทุกคนทุกพื้นที่ด้วยเทคโนโลยีดิจิทัล โดยต่อยอดจากตลาดท้องถิ่นสู่ตลาดสากล,พลเมืองไทย
ม.6/ปวส. เรียนฟรี,ประชาธิปัตย์
มารดาประชารัฐ,พลังประชารัฐ
"มีเงินเดือนสนับสนุนเลี้ยงดูบุตร อายุ 0-6 ขวบ เดือนละ 1,200.-",ก้าวไกล/อนาคตใหม่
มีสำนักงานตำรวจที่ขึ้นกับจังหวัดและประชาชนในพื้นที่,รวมพลังประชาชาติไทย
มีอาชีพเสริมเพิ่มรายได้จากอาชีพหลักพร้อมจัดหาการตลาดให้อันนำไปสู่การลดภาระหนี้สิน,ไทรักธรรม
ยกฐานะทุกจังหวัดเป็นองค์กรปกครองท้องถิ่นรูปแบบพิเศษ,รวมพลังประชาชาติไทย
ยกระดับ ปปส. ให้ทำคดีได้เอง ไม่ต้องผ่านตำรวจ (ปะ-ฉะ-ดะ),ประชาธิปัตย์
ยกระดับ รพ.สต. ให้มีศักยภาพสูงสุด โดยสนับสนุนให้มีแพทย์พยาบาลประจำ,ประชาธิปัตย์
ยกระดับโครงสร้างพื้นฐานด้านสาธารณูปโภคและคมนาคม,ประชาชาติ
ยกระดับสถานีอนามัยให้เป็นโรงพยาบาลตำบลที่มีความทันสมัย,เพื่อชาติ
"ยกระดับห้องเรียน-ห้องสมุด 17,000 โรงทั่วประเทศ",ก้าวไกล/อนาคตใหม่
ยกเลิกการเก็บภาษีรถจักรยานยนต์ประจำปีเป็นการถาวร,ประชานิยม
ยกเลิกการเก็บภาษีรถยนต์บรรทุก (ปิ๊กอัพ ขนาด 1 ตัน) ประจำปี เป็นการถาวร,ประชานิยม
ยกเลิกการผูกขาดตัดตอน และยกเลิกสัมปทานที่กีดขวางการพัฒนาโอกาสของคนยากจน,เพื่อชาติ
ยกเลิกเกณฑ์ทหาร เปลี่ยนไปใช้ระบบสมัครใจ (ยกเว้นเกิดสงคราม),เพื่อไทย
ยกเลิกเกณฑ์ทหาร เปลี่ยนไปใช้ระบบสมัครใจ (ยกเว้นเกิดสงคราม),ก้าวไกล/อนาคตใหม่
ยกเลิกชนิดพืชหวงห้ามและสัตว์ป่าคุ้มครองที่สามารถเพาะเลี้ยงได้บางชนิด,รักษ์ผืนป่าประเทศไทย
ยกเลิกและปฏิรูปกฎหมาย กระบวนการยุติธรรม ระบบงบประมาณและภาษีอากรให้เกิดความเป็นธรรม,ประชาชาติ
ยกเลิกวีซ่า (visa) ให้กับนักท่องเที่ยวจีน,เพื่อไทย
ยกเลิกสวนป่า เปลี่ยนสปก. เป็นโฉนด เพิ่มมูลค่าให้ประชาชน,ครูไทยเพื่อประชาชน
ยกเลิกหักเงินประกันสังคม,ประชานิยม
ยกเว้นภาษีแม่ค้าพ่อค้าออนไลน์ 2 ปี,พลังประชารัฐ
"ยกสถานะ อสม. เป็นหมอประจำบ้าน ค่าตอบแทน 2,500-10,000 บาท และ หมอประจำหมู่บ้าน ค่าตอบแทน 5,000-10,000 บาท",ภูมิใจไทย
ยอยกพุทธศาสนาประจำชาติไทย,ประชาภิวัฒน์
ยึดมั่นประชาธิปไตย ตัดสินใจโดยท้องถิ่น,พลเมืองไทย
ยุติระบบอุปถัมภ์-เส้นสายในกองทัพ,ก้าวไกล/อนาคตใหม่
ยุบหน่วยงานภาครัฐที่ล้าหลัง สร้างหน่วยงานที่รับผิดชอบต่อพลเมืองไทย โดยใช้เทคโนโลยีดิจิทัล,พลเมืองไทย
รถตู้โดยสารรับ-ส่งนักเรียน ตำบลละ 2 คัน,ประชานิยม
รถไฟรางคู่ ให้ทั่วถึงทั้ง 4 ภาค,ชาติพัฒนา
ระงับข้อพิพาทที่ดิน ขีดเส้นป่าใหม่ นำป่าเสื่อมโทรมมาให้ชาวบ้านทำกิน,ก้าวไกล/อนาคตใหม่
ระบบ telemedicine,ภูมิใจไทย
รักษาฟรีทุกโรค แบบมีคุณภาพ พร้อมรถตู้พยาบาลประจำตำบล ตำบลละ 1 คัน,ประชานิยม
เร่งโครงการรถไฟทางคู่-มอเตอร์เวย์,ประชาธิปัตย์
เร่งรัดการจัดสรรงบประมาณ 35% ของรายได้ให้กับท้องถิ่นภายใน 1 ปี,ชาติพัฒนา
เร่งรัดระบบโครงข่าย 5G ให้มีบริการทั่วประเทศ และเชื่อมต่อระบบ WIFI ให้มีบริการทั่วทุกตำบล ทุกพื้นที่,ชาติพัฒนา
เรียนฟรีตั้งแต่เริ่มต้นจนถึงปริญญาตรี,ประชาธิปไตยใหม่
เรียนฟรีออนไลน์ถึงระดับอุดมศึกษาตลอดชีวิต,ภูมิใจไทย
ลดกำลังพลลงครึ่งหนึ่ง,ก้าวไกล/อนาคตใหม่
ลดค่าครองชีพทันที ลดค่าน้ำมัน-ค่าไฟ,เศรษฐกิจใหม่
ลดงบกระทรวงกลาโหม 10%,เพื่อไทย
"ลดงบกลาโหม 50,000,000,000 บาท",ก้าวไกล/อนาคตใหม่
ลดจำนวนกำลังพลที่ไม่จำเป็น เช่น ทหารรับใช้,ประชาธิปัตย์
ลดจำนวนนายพล เหลือ 1/4,ก้าวไกล/อนาคตใหม่
ลดต้นทุนการเกษตร เพื่อเพิ่มรายได้ให้เกษตรกร,ชาติไทยพัฒนา
ลดต้นทุนการผลิต เพิ่มผลผลิตและราคาขายพืชผล,ไทรักธรรม
ลดภาษี,เพื่อไทย
ลดมลภาวะ เน้นการใช้พลังงานทดแทนที่สะอาด,ชาติพัฒนา
ลดอัตราภาษีบุคคลธรรมดา 10%,พลังประชารัฐ
ล้างหนี้บัตรเครดิตบูโร,ประชาภิวัฒน์
เลิกใช้พลาสติกใน 4 ปี,ก้าวไกล/อนาคตใหม่
เลิกตั้งเป็นบอร์ดรัฐวิสาหกิจที่ไม่เกี่ยวกับความมั่นคง,ก้าวไกล/อนาคตใหม่
วางตำแหน่งประเทศไทย เพื่อความได้เปรียบและมีศักยภาพสูงในการแข่งขัน,เศรษฐกิจใหม่
วิสาหกิจชุมชน OTOP นำไปปรับปรุงกิจการให้ทันสมัยโดยไม่คิดดอกเบี้ย จาก OTOP สู่ i-OTOP,ชาติพัฒนา
"ไวยาวัจกร 9,000 บาทต่อเดือน",ประชาภิวัฒน์
ส่งเสริมการใช้พลังงานแสงอาทิตย์ พลังงานทางเลือก สร้างระบบเก็บน้ำลงใต้ดินและนำน้ำมาใช้,ประชาธิปไตยใหม่
ส่งเสริมการใช้รถยนต์ไฟฟ้า,ชาติพัฒนา
ส่งเสริมการท่องเที่ยวเชิงวัฒนธรรม ส่งเสริมเอกชนสร้างแหล่งท่องเที่ยวขนาดใหญ่ คล้ายดิสนีย์แลนด์,ชาติพัฒนา
ส่งเสริมการท่องเที่ยวและการกีฬา,ประชาชาติ
ส่งเสริมการลงทุนเข้าประเทศ สร้างนิคมอุตสาหกรรมชายแดน,เศรษฐกิจใหม่
ส่งเสริมตั้งโรงงานผลิตเชื้อเพลิงจากขยะ ในเมืองใหญ่ๆ ภูเก็ต เชียงใหม่ กระบี่,ก้าวไกล/อนาคตใหม่
ส่งเสริมผลผลิตทางการเกษตร ตั้งกองทุนเพื่อเป็นที่พึ่งของเกษตรกรรายย่อย,ประชาธรรมไทย
ส่งเสริมพลังงานทดแทน ไบโอดีเซลและเอทานอล,ภูมิใจไทย
ส่งเสริมมาตรการลดความรุนแรงในค่ายทหาร,ประชาธิปัตย์
"ส่งเสริมระบบรัฐสวัสดิการด้านการศึกษา การรักษาพยาบาลฟรี ระบบบำนาญและสวัสดิการ (เบี้ยผู้สูงอายุ 3,000 บาท/เดือน)",ประชาชาติ
ส่งเสริมสังคมพหุวัฒนธรรมที่เคารพให้เกียรติในความแตกต่างหลากหลายทางวัฒนธรรม,ประชาชาติ
ส่งเสริมให้เกษตรกรไทยหายจนอย่างยั่งยืน,พลังปวงชนไทย
ส่งเสริมให้ภาคเอกชนจ้างผู้สูงอายุทำงานและนำค่าจ้างมาลดหย่อนภาษีได้ 2 เท่า,ชาติพัฒนา
ส่งเสริมอุตสาหกรรม ท่องเที่ยว,ประชาธิปไตยใหม่
สนับสนุนให้ชุมชนและประชาชนทั่วไปสร้างโรงไฟฟ้าจากพลังงานทดแทน,รวมพลังประชาชาติไทย
สปก. 4.0 เป็นหลักประกันเงินกู้ ประกันตัวในชั้นศาล,พลังประชารัฐ
สปก. เป็นโฉนด,พลังไทยรักไทย
สปก. ไม่เพียงแค่ทำเกษตร,ประชาภิวัฒน์
สร้างกองทุนคนเปลี่ยนงานเพิ่มทักษะให้แรงงานถูกเลิกจ้าง,เพื่อไทย
สร้างกองทุนปรับเปลี่ยนหน้าดินสำหรับเกษตรกร,เพื่อไทย
สร้างศูนย์บำบัดยาเสพติดมีคุณภาพ ทุกจังหวัด,ประชาธิปัตย์
สร้างศูนย์ดูแลผู้สูงวัยที่มีฐานะยากจนในแต่ละตำบล,ชาติพัฒนา
สร้าง co-working space ใน กทม. 1 แขวง 1 ที่ ไม่คิดค่าใช้จ่าย ไวไฟฟรี,ภูมิใจไทย
สร้าง Mini Fitness ทุกหมู่บ้านเพื่อให้ประชาชนได้ออกกำลังกาย,ชาติพัฒนา
สร้างกองทัพ Startup,พลังประชารัฐ
สร้างความเข้าใจแก่เกษตรกรไม่ให้เสียเปรียบนายทุน,ไทรักธรรม
สร้างถนนอาหาร (Street Road),รวมพลังประชาชาติไทย
สร้างเถ้าแก่น้อยในวัยเรียน จัดหลักสูตรตามถนัด สร้างอาชีพในวัยเรียน,พลังท้องถิ่นไท
สร้างท่าเรือน้ำลึกอ่าวไทยอันดามันเชื่อมด้วยรถไฟรางคู่,พลังไทยรักไทย
สร้างมิติใหม่ของพรรคการเมือง แบบปราศจากการให้อามิสสินจ้าง,ประชาชนปฏิรูป
สร้างโรงพยาบาลประกันสังคม ประจำจังหวัดครบ 77 จังหวัดทั่วประเทศ,ประชานิยม
สร้างลีกกีฬาอาชีพให้เกิดขึ้นสำหรับกีฬาทุกประเภทและพัฒนาสู่ Academy,ชาติพัฒนา
สร้างศูนย์กลาง logistic,ประชาภิวัฒน์
"สร้างศูนย์เลี้ยงเด็ก 20,000 โรง ทั่วประเทศ",ก้าวไกล/อนาคตใหม่
สร้างศูนย์สุขภาพชุมชนเขตเมืองทั้ง 4 มุมเมือง ทุกจังหวัด,ชาติไทยพัฒนา
สร้างสวัสดิภาพเด็ก สตรี ผู้มีความหลากหลายทางเพศ ผู้สูงอายุ คนพิการ และผู้ด้อยโอกาส,ชาติไทยพัฒนา
"สร้างอาคารรักษาพยาบาลเพิ่ม 100,000 เตียง",ประชานิยม
สวัสดิการประชาชนเกิดจากการใช้จ่าย มีรายได้คืน,พลังปวงชนไทย
สังคมดี ปรับกระบวนการยุติธรรมให้โปร่งใส,ประชาธิปไตยใหม่
สิทธิลาคลอดมารดา 6 เดือน บิดา 1 เดือน โดยได้รับเงินชดเชยค่าจ้าง,ประชาธิปัตย์
เสริมให้ทุกหลังคาเรือนมี Solar Rooftop เพื่อมีไฟฟ้าใช้เอง,ชาติพัฒนา
หมอประจำตัวทั่วไทย,พลังธรรมใหม่
หยุดกองทัพ ซื้ออาวุธ 10 ปี,ประชานิยม
หยุดความยากจน ลดความเหลื่อมล้ำของคนในชาติ,เสรีรวมไทย
หยุดคอร์รัปชัน นำงบประมาณมาพัฒนาประเทศ,เสรีรวมไทย
หยุดประชานิยมสู่สังคมรัฐสวัสดิการ,ครูไทยเพื่อประชาชน
หยุดปัญหายาเสพติด ขจัดผู้มีอิทธิพลให้สิ้นซาก,เสรีรวมไทย
หยุดเผด็จการ ปฏิรูปทหาร,เสรีรวมไทย
หยุดไฟใต้ สร้างสังคมสันติสุขสมานฉันท์,เสรีรวมไทย
หยุดสงครามสีเสื้อ สร้างความปรองดอง ก้าวสู่อนาคต,เสรีรวมไทย
ห้ามใช้วัสดุที่ย่อยสลายได้ยาก,รักษ์ผืนป่าประเทศไทย
หารายได้เข้าประเทศโดยสร้างระบบการเงินเสรี ศูนย์กลางการเงิน พลังงาน การแพทย์ และอื่นๆ,เศรษฐกิจใหม่
ให้ก่อสร้าง 5 วัน หยุด 2 วัน,พลังประชารัฐ
ให้ความสำคัญต่อการพัฒนาเยาวชนด้วยการศึกษา,ชาติไทยพัฒนา
"ให้ท้องถิ่นตรวจสอบการทอดทิ้งที่ดิน เพื่อยึดเป็นของรัฐตามกฎหมายที่ดิน และจัดสรรที่ดินให้คนจนที่ยากไร้

",พลเมืองไทย
ให้ทุกจังหวัดมีการจัดตั้งอุทยานการเรียนรู้แบบ TK Park,ชาติพัฒนา
ให้ทุนการศึกษารับน้องใหม่สำหรับเด็กแรกเกิด เพิ่มการช่วยเหลือคนพิการ และดูแลช่วยเหลือผู้ใช้แรงงาน,ชาติพัฒนา
ให้น้ำเข้าถึงทุกไร่นา,ประชาธิปัตย์
ให้ประเทศไทยเป็นเจ้าภาพในการจัดการแข่งขันกีฬาระดับโลก เช่น กีฬาโอลิมปิก กีฬาเอเชี่ยนเกมส์ และกีฬาซีเกมส์,ชาติพัฒนา
"ให้ผู้สูงอายุกู้ยืมเงินได้ 5,000 - 25,000 บาท เมื่อสมทบเงินเข้ากองทุนตามกำหนด",ชาติไทยพัฒนา
ให้ผู้เสพเข้ารับการบำบัด ไม่มีประวัติอาชญากรรม,ประชาธิปัตย์
ให้มีการขยายมอเตอร์เวย์ ให้ทั่วถึงทั้ง 4 ภาค,ชาติพัฒนา
ให้มีผู้ทำหน้าที่บริบาลผู้สูงอายุอย่างทั่วถึงทุกชุมชน,รวมพลังประชาชาติไทย
ให้ลูกหลานเกษตรกรเรียนฟรีถึงปริญญาตรี (หากทำงานเกษตรหลักเรียนจบ),ชาติไทยพัฒนา
"ให้สิทธิ์ในการนำค่ารักษาพยาบาลของผู้สูงอายุหรือบิดามารดา มาลดหย่อนภาษีได้เป็นจำนวนเงินไม่เกิน 60,000 บาท",ชาติพัฒนา
ออกเอกสารสิทธิในที่ดินกรรมสิทธิ์ พิสูจน์สิทธิ์ที่ดินกรณีโต้แย้งระหว่างรัฐกับราษฎร,พลังประชารัฐ
อีสานเขียวภาค 2 เมกะโปรเจค,พลังไทยรักไทย
"อุดหนุนเงินเยาวชนอายุ 18-22 ปี เดือนละ 2,000 บาท",ก้าวไกล/อนาคตใหม่
